标题,价格(元/月),区域,户型,面积(㎡),朝向,详情链接
整租·骋望珺玺 3室2厅 南,1800,江南区-五一路-骋望珺玺,3室2厅2卫,84.00,南,https://nn.zu.ke.com/zufang/NN2061010309283315712.html
整租·中海哈罗学府 3室2厅 南,1800,邕宁区-龙岗-中海哈罗学府,3室2厅2卫,97.00,南,https://nn.zu.ke.com/zufang/NN2042458285893746688.html
整租·广西壮族自治区疾病预防控制中心宿舍区 4室2厅 南,2200,青秀区-星湖-广西壮族自治区疾病预防控制中心宿舍区,4室2厅2卫,123.50,南,https://nn.zu.ke.com/zufang/NN2002335869402349568.html
整租·龙滩苑 3室2厅 南,4500,青秀区-东盟商务区-龙滩苑,3室2厅2卫,141.00,南,https://nn.zu.ke.com/zufang/NN2036798560841760768.html
整租·君华•锦云 4室2厅 北,2500,邕宁区-龙岗-君华•锦云,4室2厅2卫,125.00,北,https://nn.zu.ke.com/zufang/NN2041844326283083776.html
整租·大唐盛世观湖 4室2厅 南,2000,邕宁区-龙岗-大唐盛世观湖,4室2厅2卫,126.00,南,https://nn.zu.ke.com/zufang/NN2004846303204343808.html
整租·永凯春晖花园西C区 3室2厅 南,2400,青秀区-凤岭北-永凯春晖花园西C区,3室2厅2卫,110.00,南,https://nn.zu.ke.com/zufang/NN2049404082161975296.html
整租·五象澜庭府锦苑 3室2厅 东南/南,2200,良庆区-五象湖-五象澜庭府锦苑,3室2厅2卫,98.00,N/A,https://nn.zu.ke.com/zufang/NN2035310786246606848.html
整租·恒悦居 3室2厅 南/北,1700,青秀区-仙葫-恒悦居,3室2厅2卫,95.00,N/A,https://nn.zu.ke.com/zufang/NN2018931266379841536.html
整租·万科紫台 4室3厅 南,10500,良庆区-玉洞-万科紫台,4室3厅3卫,175.00,南,https://nn.zu.ke.com/zufang/NN2050158496984334336.html
整租·宏桂东盛 3室2厅 南,2300,青秀区-凤岭北-宏桂东盛,3室2厅2卫,100.00,南,https://nn.zu.ke.com/zufang/NN1979508646932905984.html
整租·龙光世纪中心 3室1厅 南,8690,青秀区-东盟商务区-龙光世纪中心,3室1厅1卫,133.70,南,https://nn.zu.ke.com/zufang/NN2056689744808509440.html
整租·南宁市南湖公务员住宅小区 4室2厅 南,3500,青秀区-青秀万达-南宁市南湖公务员住宅小区,4室2厅2卫,135.00,南,https://nn.zu.ke.com/zufang/NN2051552580588273664.html
整租·东长小区 3室2厅 东南,2600,青秀区-东葛路-东长小区,3室2厅2卫,140.00,东南,https://nn.zu.ke.com/zufang/NN1976491680643153920.html
整租·君华•锦云 4室2厅 东南,1600,邕宁区-龙岗-君华•锦云,4室2厅2卫,99.00,东南,https://nn.zu.ke.com/zufang/NN2054132946746474496.html
整租·广西区糖业供销公司宿舍 3室2厅 东南,2650,青秀区-金湖-广西区糖业供销公司宿舍,3室2厅2卫,113.75,东南,https://nn.zu.ke.com/zufang/NN1949691746606645248.html
整租·万科金域中央一期 3室2厅 南,2400,良庆区-玉洞-万科金域中央一期,3室2厅2卫,108.35,南,https://nn.zu.ke.com/zufang/NN2056980853338144768.html
整租·恒大悦龙台 3室2厅 南,1700,邕宁区-龙岗-恒大悦龙台,3室2厅1卫,92.00,南,https://nn.zu.ke.com/zufang/NN1915354844294545408.html
整租·和美春天 4室2厅 南,2800,青秀区-琅东-和美春天,4室2厅2卫,143.39,南,https://nn.zu.ke.com/zufang/NN2057761546292953088.html
整租·万科公望 4室2厅 南,2500,邕宁区-龙岗-万科公望,4室2厅2卫,121.00,南,https://nn.zu.ke.com/zufang/NN2019260883909214208.html
整租·龙光世纪中心 4室1厅 南,13800,青秀区-东盟商务区-龙光世纪中心,4室1厅0卫,195.00,南,https://nn.zu.ke.com/zufang/NN2036067041575698432.html
整租·印象·愉景湾 4室2厅 东南,1200,良庆区-五象湖-印象 - 愉景湾,4室2厅2卫,110.00,东南,https://nn.zu.ke.com/zufang/NN1960547204724686848.html
整租·万科金域中央一期 3室2厅 南,2400,良庆区-玉洞-万科金域中央一期,3室2厅2卫,108.35,南,https://nn.zu.ke.com/zufang/NN2056980853338144768.html
整租·盘龙居小区 3室2厅 南/北,2400,青秀区-凤岭北-盘龙居小区,3室2厅2卫,134.00,N/A,https://nn.zu.ke.com/zufang/NN2052717367993040896.html
整租·凤岭名园 4室2厅 北,3500,青秀区-凤岭北-凤岭名园,4室2厅2卫,148.00,北,https://nn.zu.ke.com/zufang/NN2043577324833603584.html
整租·霖峰壹號2组团 3室2厅 东南,3000,青秀区-凤岭北-霖峰壹號2组团,3室2厅2卫,89.00,东南,https://nn.zu.ke.com/zufang/NN2046826424920178688.html
整租·五象澜庭府锦苑 3室2厅 南/北,1900,良庆区-五象湖-五象澜庭府锦苑,3室2厅2卫,98.00,N/A,https://nn.zu.ke.com/zufang/NN2030230143565299712.html
整租·联发·尚品 3室2厅 南,1500,青秀区-仙葫-联发 - 尚品,3室2厅1卫,98.00,南,https://nn.zu.ke.com/zufang/NN2048417946761428992.html
整租·龙光·君御华府 2室1厅 南,3500,青秀区-凤岭北-龙光 - 君御华府,2室1厅1卫,42.00,南,https://nn.zu.ke.com/zufang/NN2049358450688786432.html
整租·港保苑 2室2厅 西,1800,良庆区-五象核心区-港保苑,2室2厅1卫,91.00,西,https://nn.zu.ke.com/zufang/NN2046231629654917120.html
整租·金科博翠山 3室2厅 南,2000,良庆区-玉洞-金科博翠山,3室2厅2卫,98.65,南,https://nn.zu.ke.com/zufang/NN1930217976896684032.html
整租·大唐盛世观湖 4室2厅 南,1700,邕宁区-龙岗-大唐盛世观湖,4室2厅2卫,112.00,南,https://nn.zu.ke.com/zufang/NN1897554114313715712.html
整租·华润二十四城 3室2厅 南,1900,良庆区-五象湖-华润二十四城,3室2厅2卫,93.00,南,https://nn.zu.ke.com/zufang/NN2045492100199350272.html
整租·华龙苑小区 3室2厅 南,2500,青秀区-青秀万达-华龙苑小区,3室2厅2卫,120.00,南,https://nn.zu.ke.com/zufang/NN1932644620349472768.html
整租·荣和大地二组团 6室0厅 东南,2400,青秀区-凤岭北-荣和大地二组团,6室0厅2卫,88.00,东南,https://nn.zu.ke.com/zufang/NN2002299990029893632.html
整租·华龙苑小区 3室2厅 南,2500,青秀区-青秀万达-华龙苑小区,3室2厅2卫,120.00,南,https://nn.zu.ke.com/zufang/NN1932644620349472768.html
整租·金科博翠山 3室2厅 南,1700,良庆区-玉洞-金科博翠山,3室2厅2卫,98.65,南,https://nn.zu.ke.com/zufang/NN1988151077739954176.html
整租·中房翡翠园二期 3室2厅 南,2500,青秀区-琅东-中房翡翠园二期,3室2厅2卫,100.00,南,https://nn.zu.ke.com/zufang/NN2052983843085877248.html
整租·虹桥新城 1室1厅 南,1100,兴宁区-兴宁东-虹桥新城,1室1厅1卫,43.00,南,https://nn.zu.ke.com/zufang/NN2056666691865149440.html
整租·印象·愉景湾 4室2厅 南,1500,良庆区-五象湖-印象 - 愉景湾,4室2厅2卫,109.69,南,https://nn.zu.ke.com/zufang/NN2035558161670209536.html
整租·威宁青运村 3室2厅 东南,2400,良庆区-五象核心区-威宁青运村,3室2厅2卫,103.00,东南,https://nn.zu.ke.com/zufang/NN2054081078318071808.html
整租·保利·童心缘 1室1厅 南,2000,青秀区-凤岭北-保利 - 童心缘,1室1厅1卫,50.95,南,https://nn.zu.ke.com/zufang/NN1955866759810514944.html
整租·星湖路北二里8号小区 4室2厅 南/北,3500,青秀区-星湖-星湖路北二里8号小区,4室2厅2卫,135.00,N/A,https://nn.zu.ke.com/zufang/NN1980146080204980224.html
整租·恒大绿洲3期 2室2厅 南,1600,良庆区-大沙田-恒大绿洲3期,2室2厅1卫,82.40,南,https://nn.zu.ke.com/zufang/NN2059941919760318464.html
整租·建发五象印月 4室2厅 南/北,3500,良庆区-五象湖-建发五象印月,4室2厅2卫,133.00,N/A,https://nn.zu.ke.com/zufang/NN1933493870037827584.html
整租·城市碧园 4室2厅 东南,2500,西乡塘区-西大-城市碧园,4室2厅2卫,124.00,东南,https://nn.zu.ke.com/zufang/NN2052328297894772736.html
整租·云星钱隆首府E地块 3室2厅 南,3000,良庆区-五象核心区-云星钱隆首府E地块,3室2厅2卫,115.00,南,https://nn.zu.ke.com/zufang/NN1979162645588082688.html
整租·万科星都荟三期 4室2厅 南/北,1300,良庆区-五象湖-万科星都荟三期,4室2厅2卫,120.00,N/A,https://nn.zu.ke.com/zufang/NN1979816278168174592.html
整租·保利明玥江山 3室2厅 南,1700,良庆区-五象文旅-保利明玥江山,3室2厅2卫,97.60,南,https://nn.zu.ke.com/zufang/NN2026346193742725120.html
整租·融创九棠府二期 4室2厅 南,1800,良庆区-五象湖-融创九棠府二期,4室2厅2卫,132.00,南,https://nn.zu.ke.com/zufang/NN1582947961820676096.html
整租·荣和·千千树 3室1厅 南/北,2600,青秀区-凤岭北-荣和 - 千千树,3室1厅2卫,88.00,N/A,https://nn.zu.ke.com/zufang/NN2020845710315880448.html
整租·宝能五象湖一号 3室2厅 南,1700,良庆区-五象湖-宝能五象湖一号,3室2厅2卫,84.00,南,https://nn.zu.ke.com/zufang/NN2051600155848736768.html
整租·融创九棠府二期 4室2厅 南,1800,良庆区-五象湖-融创九棠府二期,4室2厅2卫,132.00,南,https://nn.zu.ke.com/zufang/NN1582947961820676096.html
整租·云星钱隆首府E地块 3室2厅 南,3000,良庆区-五象核心区-云星钱隆首府E地块,3室2厅2卫,115.00,南,https://nn.zu.ke.com/zufang/NN1979162645588082688.html
整租·万科星都荟三期 4室2厅 南/北,1300,良庆区-五象湖-万科星都荟三期,4室2厅2卫,120.00,N/A,https://nn.zu.ke.com/zufang/NN1979816278168174592.html
整租·阳光100上东国际 1室0厅 南,1900,青秀区-琅东-阳光100上东国际,1室0厅0卫,69.00,南,https://nn.zu.ke.com/zufang/NN2021089339257126912.html
整租·保利明玥江山 3室2厅 南,1700,良庆区-五象文旅-保利明玥江山,3室2厅2卫,97.60,南,https://nn.zu.ke.com/zufang/NN2026346193742725120.html
整租·柏涛湾小区 3室2厅 复式 南,1600,西乡塘区-北湖南-柏涛湾小区,3室2厅1卫,120.00,南,https://nn.zu.ke.com/zufang/NN2022913617472520192.html
整租·驰程天拓 2室1厅 西,1300,西乡塘区-石埠-驰程天拓,2室1厅1卫,64.00,西,https://nn.zu.ke.com/zufang/NN2053777662584815616.html
整租·空军集资楼小区 4室2厅 南/北,2200,青秀区-星湖-空军集资楼小区,4室2厅2卫,120.00,N/A,https://nn.zu.ke.com/zufang/NN1803646253649625088.html
整租·云星时代广场 1室1厅 东南,1900,良庆区-五象核心区-云星时代广场,1室1厅1卫,40.00,东南,https://nn.zu.ke.com/zufang/NN2032418927987916800.html
整租·中房翡翠园二期 3室2厅 南,2700,青秀区-琅东-中房翡翠园二期,3室2厅2卫,129.00,南,https://nn.zu.ke.com/zufang/NN2055200104553381888.html
整租·金科博翠山 3室2厅 南/北,1800,良庆区-玉洞-金科博翠山,3室2厅2卫,100.00,N/A,https://nn.zu.ke.com/zufang/NN1955288758769156096.html
整租·合景天汇广场 4室2厅 南/北,1800,良庆区-五象湖-合景天汇广场,4室2厅2卫,113.00,N/A,https://nn.zu.ke.com/zufang/NN1964978114635235328.html
整租·金都新巢时代 1室1厅 南,1300,西乡塘区-朝阳-金都新巢时代,1室1厅1卫,50.00,南,https://nn.zu.ke.com/zufang/NN2045806445080870912.html
整租·平安家园 3室2厅 南/北,2300,青秀区-凤岭北-平安家园,3室2厅2卫,107.00,N/A,https://nn.zu.ke.com/zufang/NN2014595757130121216.html
整租·中铁江湾山语城 4室2厅 南,1500,邕宁区-龙岗-中铁江湾山语城,4室2厅2卫,90.00,南,https://nn.zu.ke.com/zufang/NN2023688325520424960.html
整租·保利领秀前城领秀府 4室2厅 南,2500,青秀区-凤岭南-保利领秀前城领秀府,4室2厅2卫,92.00,南,https://nn.zu.ke.com/zufang/NN2022685900323946496.html
整租·云星城 1室1厅 南,2000,青秀区-星湖-云星城,1室1厅1卫,43.43,南,https://nn.zu.ke.com/zufang/NN2043978922890100736.html
整租·华银阁 2室1厅 南,3500,青秀区-东葛路-华银阁,2室1厅1卫,133.00,南,https://nn.zu.ke.com/zufang/NN1604434017053048832.html
整租·嘉和自由空间 1室0厅 南,1400,青秀区-东葛路-嘉和自由空间,1室0厅1卫,48.00,南,https://nn.zu.ke.com/zufang/NN1615927041109000192.html
整租·广西民族宫 2室1厅 东,6800,青秀区-东葛路-广西民族宫,2室1厅0卫,168.70,东,https://nn.zu.ke.com/zufang/NN1610159254721789952.html
整租·亚航财富中心 1室1厅 北,3200,青秀区-金湖-亚航财富中心,1室1厅1卫,67.42,北,https://nn.zu.ke.com/zufang/NN1596382455080681472.html
整租·印象·愉景湾 3室2厅 南,800,良庆区-五象湖-印象 - 愉景湾,3室2厅1卫,85.00,南,https://nn.zu.ke.com/zufang/NN1592892476077637632.html
整租·亚航财富中心 1室1厅 北,2900,青秀区-金湖-亚航财富中心,1室1厅1卫,58.81,北,https://nn.zu.ke.com/zufang/NN1596381119782060032.html
整租·农行宿舍 3室2厅 南,2000,青秀区-星湖-农行宿舍,3室2厅1卫,120.00,南,https://nn.zu.ke.com/zufang/NN2868662225323687936.html
整租·利海亚洲国际 1室1厅 南,1800,青秀区-东盟商务区-利海亚洲国际,1室1厅1卫,54.00,南,https://nn.zu.ke.com/zufang/NN1570273900338610176.html
整租·大唐盛世观湖 4室2厅 南/北,1500,邕宁区-龙岗-大唐盛世观湖,4室2厅2卫,117.00,N/A,https://nn.zu.ke.com/zufang/NN1569271924968652800.html
整租·广西民族宫 1室1厅 东南,1800,青秀区-东葛路-广西民族宫,1室1厅0卫,45.00,东南,https://nn.zu.ke.com/zufang/NN2873997451927764992.html
整租·融创九棠府二期 4室2厅 南,2000,良庆区-五象湖-融创九棠府二期,4室2厅2卫,131.00,南,https://nn.zu.ke.com/zufang/NN2900020447724969984.html
整租·广西路桥总公司一分公司五一路生活区 3室1厅 南,1100,江南区-五一路-广西路桥总公司一分公司五一路生活区,3室1厅1卫,75.00,南,https://nn.zu.ke.com/zufang/NN2891370395552710656.html
整租·中铁交通天地明珠 4室2厅 南,2300,邕宁区-龙岗-中铁交通天地明珠,4室2厅2卫,144.00,南,https://nn.zu.ke.com/zufang/NN2618631424072761344.html
整租·荣和山水美地4组团微笑湾 3室2厅 南/北,2400,青秀区-凤岭北-荣和山水美地4组团微笑湾,3室2厅2卫,127.00,N/A,https://nn.zu.ke.com/zufang/NN2644699932195561472.html
整租·星湖路南一里14 3室2厅 南/北,1800,青秀区-星湖-星湖路南一里14,3室2厅1卫,77.00,N/A,https://nn.zu.ke.com/zufang/NN2695693025601912832.html
整租·盛邦珑湖 6室2厅 南,2500,良庆区-玉洞-盛邦珑湖,6室2厅2卫,180.00,南,https://nn.zu.ke.com/zufang/NN2705133084160311296.html
整租·万达茂·御江国际 3室2厅 南,2800,邕宁区-五象文旅-万达茂 - 御江国际,3室2厅2卫,120.00,南,https://nn.zu.ke.com/zufang/NN2696902522223722496.html
整租·长湖景苑 5室2厅 东南/南,4000,青秀区-青秀万达-长湖景苑,5室2厅2卫,178.00,N/A,https://nn.zu.ke.com/zufang/NN2818944284454567936.html
整租·中房翡翠园二期 4室2厅 南,7800,青秀区-琅东-中房翡翠园二期,4室2厅2卫,128.00,南,https://nn.zu.ke.com/zufang/NN2823916088197120000.html
整租·凯丰大厦 1室0厅 东,1300,青秀区-东葛路-凯丰大厦,1室0厅1卫,45.00,东,https://nn.zu.ke.com/zufang/NN2778277091232727040.html
整租·香格里拉花园 5室2厅 东南,5200,青秀区-凤岭北-香格里拉花园,5室2厅3卫,234.00,东南,https://nn.zu.ke.com/zufang/NN2767203103861653504.html
整租·外滩新城 5室2厅 南/北,13000,青秀区-星湖-外滩新城,5室2厅3卫,500.00,N/A,https://nn.zu.ke.com/zufang/NN2839938722424954880.html
整租·融创九棠府一期 4室2厅 东南,2000,良庆区-五象湖-融创九棠府一期,4室2厅2卫,125.00,东南,https://nn.zu.ke.com/zufang/NN1667513442883338240.html
整租·汇金苑 2室1厅 东南,2500,青秀区-金湖-汇金苑,2室1厅1卫,95.00,东南,https://nn.zu.ke.com/zufang/NN1669634666027548672.html
合租·江悦蓝湾 4居室 东南卧,800,良庆区-五象核心区-江悦蓝湾,4室2厅2卫,28.00,东南,https://nn.zu.ke.com/zufang/NN1665997687725490176.html
整租·天誉城 3室2厅 南,1800,良庆区-五象文旅-天誉城,3室2厅2卫,60.00,南,https://nn.zu.ke.com/zufang/NN2060275570591137792.html
整租·阳光绿城第六组团 3室2厅 东/南,1700,兴宁区-东沟岭-阳光绿城第六组团,3室2厅1卫,85.00,N/A,https://nn.zu.ke.com/zufang/NN2060364873178546176.html
整租·中海半山壹号 5室2厅 南,3900,青秀区-仙葫-中海半山壹号,5室2厅3卫,213.00,南,https://nn.zu.ke.com/zufang/NN2046100616408727552.html
整租·盘龙居小区 4室2厅 东南,2500,青秀区-凤岭北-盘龙居小区,4室2厅2卫,143.00,东南,https://nn.zu.ke.com/zufang/NN2051314888982134784.html
整租·东长小区 4室2厅 南/北,2600,青秀区-东葛路-东长小区,4室2厅2卫,150.00,N/A,https://nn.zu.ke.com/zufang/NN1917421422951530496.html
整租·水泥厂宿舍 3室2厅 南/北,2500,青秀区-青秀万达-水泥厂宿舍,3室2厅2卫,113.00,N/A,https://nn.zu.ke.com/zufang/NN1963496740661231616.html
整租·水泥厂宿舍 4室2厅 南/北,2500,青秀区-青秀万达-水泥厂宿舍,4室2厅2卫,110.00,N/A,https://nn.zu.ke.com/zufang/NN1999688661016248320.html
整租·金科博翠山 3室1厅 南,1500,良庆区-玉洞-金科博翠山,3室1厅2卫,97.00,南,https://nn.zu.ke.com/zufang/NN2060604177838505984.html
整租·南宁中华路高层职工住宅综合楼 3室2厅 东南,2300,兴宁区-西大-南宁中华路高层职工住宅综合楼,3室2厅2卫,124.00,东南,https://nn.zu.ke.com/zufang/NN2033765833582313472.html
整租·金源CBD现代城 7室3厅 南,22000,青秀区-金湖-金源CBD现代城,7室3厅3卫,509.00,南,https://nn.zu.ke.com/zufang/NN2045707074456780800.html
整租·金科博翠山 4室2厅 南,1600,良庆区-玉洞-金科博翠山,4室2厅2卫,128.00,南,https://nn.zu.ke.com/zufang/NN1976099551894831104.html
整租·天誉花园7组团 2室1厅 南,1100,良庆区-五象文旅-天誉花园7组团,2室1厅1卫,60.00,南,https://nn.zu.ke.com/zufang/NN2060045332909129728.html
整租·颐华居 3室2厅 北,1800,西乡塘区-心圩区-颐华居,3室2厅1卫,89.00,北,https://nn.zu.ke.com/zufang/NN2059194811574910976.html
整租·万科珈蓝 4室2厅 南,1800,良庆区-五象湖-万科珈蓝,4室2厅2卫,143.00,南,https://nn.zu.ke.com/zufang/NN2054517119306956800.html
整租·彰泰郡 3室2厅 南,1200,良庆区-五象湖-彰泰郡,3室2厅2卫,86.00,南,https://nn.zu.ke.com/zufang/NN2041182506220257280.html
整租·锦麟玖玺 3室2厅 南,1500,良庆区-五象湖-锦麟玖玺,3室2厅2卫,112.00,南,https://nn.zu.ke.com/zufang/NN2006683851417452544.html
整租·江悦蓝湾 1室1厅 东南/南,1200,良庆区-五象核心区-江悦蓝湾,1室1厅1卫,69.00,N/A,https://nn.zu.ke.com/zufang/NN2059926062237745152.html
整租·时代茗城 4室2厅 南,2500,兴宁区-东沟岭-时代茗城,4室2厅2卫,128.00,南,https://nn.zu.ke.com/zufang/NN2036341981394763776.html
整租·广西警察学院教职工宿舍 3室1厅 南,1500,青秀区-东葛路-广西警察学院教职工宿舍,3室1厅1卫,70.00,南,https://nn.zu.ke.com/zufang/NN2052647828634730496.html
整租·畅春湖山庄 3室2厅 南,1500,兴宁区-东沟岭-畅春湖山庄,3室2厅2卫,115.00,南,https://nn.zu.ke.com/zufang/NN2053680538077626368.html
整租·中天世纪花园 2室1厅 南,2200,青秀区-东葛路-中天世纪花园,2室1厅1卫,86.00,南,https://nn.zu.ke.com/zufang/NN2050170738605817856.html
整租·彰泰滨江学府 4室2厅 南/北,3000,良庆区-五象核心区-彰泰滨江学府,4室2厅2卫,142.00,N/A,https://nn.zu.ke.com/zufang/NN2039656722406047744.html
整租·云星尚雅名都 3室2厅 南,1600,江南区-经开区-云星尚雅名都,3室2厅2卫,93.00,南,https://nn.zu.ke.com/zufang/NN2053134243491479552.html
整租·同人·西湖东郡 3室1厅 东,1600,西乡塘区-心圩区-同人 - 西湖东郡,3室1厅1卫,86.00,东,https://nn.zu.ke.com/zufang/NN2059271932993339392.html
整租·畅春湖山庄 3室2厅 南,1500,兴宁区-东沟岭-畅春湖山庄,3室2厅2卫,100.00,南,https://nn.zu.ke.com/zufang/NN2045357877522071552.html
整租·万科金域蓝湾 4室2厅 南,2100,良庆区-五象湖-万科金域蓝湾,4室2厅2卫,108.00,南,https://nn.zu.ke.com/zufang/NN2011726574189019136.html
整租·恒大雅苑 3室3厅 东南,1500,兴宁区-凤岭北-恒大雅苑,3室3厅2卫,110.00,东南,https://nn.zu.ke.com/zufang/NN2053826688525008896.html
整租·梦之岛花园 4室2厅 南,2500,青秀区-琅东-梦之岛花园,4室2厅2卫,135.00,南,https://nn.zu.ke.com/zufang/NN2043935331891281920.html
整租·龙光玖誉湖林湖 3室2厅 南,1400,良庆区-五象文旅-龙光玖誉湖林湖,3室2厅2卫,90.00,南,https://nn.zu.ke.com/zufang/NN2054813530300874752.html
整租·新城悦隽风华 3室2厅 南,1500,邕宁区-龙岗-新城悦隽风华,3室2厅2卫,100.00,南,https://nn.zu.ke.com/zufang/NN2035763563779325952.html
整租·桃源湖居 2室1厅 东,700,青秀区-星湖-桃源湖居,2室1厅1卫,90.00,东,https://nn.zu.ke.com/zufang/NN2006281972942372864.html
整租·万达茂天樾 1室1厅 东南,800,邕宁区-五象文旅-万达茂天樾,1室1厅1卫,50.00,东南,https://nn.zu.ke.com/zufang/NN2057732357309333504.html
整租·植物路区信托宿舍 2室1厅 南,900,青秀区-星湖-植物路区信托宿舍,2室1厅1卫,82.50,南,https://nn.zu.ke.com/zufang/NN2052378724258545664.html
整租·东盟世纪村 2室2厅 南,1000,青秀区-柳沙-东盟世纪村,2室2厅1卫,88.00,南,https://nn.zu.ke.com/zufang/NN2047914945110081536.html
整租·广源悦府 3室2厅 东南,1500,良庆区-五象核心区-广源悦府,3室2厅2卫,113.00,东南,https://nn.zu.ke.com/zufang/NN2042553642208198656.html
整租·塞纳维拉花园 4室2厅 错层 南,5000,青秀区-凤岭北-塞纳维拉花园,4室2厅2卫,143.00,南,https://nn.zu.ke.com/zufang/NN1958409064580907008.html
整租·云星城 1室0厅 东南,2000,青秀区-星湖-云星城,1室0厅1卫,35.00,东南,https://nn.zu.ke.com/zufang/NN1958401914915782656.html
整租·亿鼎安吉商业广场 1室1厅 北,4600,西乡塘区-安吉-亿鼎安吉商业广场,1室1厅1卫,212.00,北,https://nn.zu.ke.com/zufang/NN1958359683706126336.html
整租·幸福里 2室2厅 南,8300,青秀区-东盟商务区-幸福里,2室2厅1卫,98.00,南,https://nn.zu.ke.com/zufang/NN1958444168111980544.html
整租·桂盐大厦 4室2厅 东南,4000,青秀区-金湖-桂盐大厦,4室2厅2卫,150.00,东南,https://nn.zu.ke.com/zufang/NN1957724238987132928.html
整租·凯业花园 4室2厅 南/北,5000,青秀区-青秀万达-凯业花园,4室2厅2卫,140.00,N/A,https://nn.zu.ke.com/zufang/NN1957817833966534656.html
整租·光明·澜湾九里 3室2厅 东南,1700,良庆区-五象核心区-光明 - 澜湾九里,3室2厅1卫,89.00,东南,https://nn.zu.ke.com/zufang/NN1958030999656857600.html
整租·和润园 4室2厅 南,5200,青秀区-东盟商务区-和润园,4室2厅2卫,158.00,南,https://nn.zu.ke.com/zufang/NN1958043304385839104.html
整租·绿地中央广场二期 3室2厅 南,5000,青秀区-青秀万达-绿地中央广场二期,3室2厅2卫,127.00,南,https://nn.zu.ke.com/zufang/NN1958559728694984704.html
整租·金州琅园 1室0厅 东南,1500,青秀区-金湖-金州琅园,1室0厅1卫,60.00,东南,https://nn.zu.ke.com/zufang/NN1958758749376086016.html
整租·万科金域蓝湾 3室2厅 南,1800,良庆区-五象湖-万科金域蓝湾,3室2厅2卫,89.00,南,https://nn.zu.ke.com/zufang/NN1958869226332618752.html
整租·万昌南湖景园 3室2厅 南/北,3800,青秀区-金湖-万昌南湖景园,3室2厅2卫,115.00,N/A,https://nn.zu.ke.com/zufang/NN1958795737869320192.html
整租·五象航洋城 2室1厅 南,3280,良庆区-五象核心区-五象航洋城,2室1厅0卫,82.00,南,https://nn.zu.ke.com/zufang/NN1959830806360752128.html
整租·雅典国际 1室1厅 复式 东,1100,青秀区-琅东-雅典国际,1室1厅1卫,40.00,东,https://nn.zu.ke.com/zufang/NN1959891832678645760.html
整租·五洲国际 2室2厅 复式 东南,3800,青秀区-东盟商务区-五洲国际,2室2厅2卫,93.00,东南,https://nn.zu.ke.com/zufang/NN1960273281764294656.html
整租·广西水产畜牧学校职工住宅楼 6室2厅 南,4600,青秀区-金湖-广西水产畜牧学校职工住宅楼,6室2厅2卫,189.00,南,https://nn.zu.ke.com/zufang/NN1959810656064503808.html
整租·国信信托宿舍 3室1厅 东南,3500,青秀区-金湖-国信信托宿舍,3室1厅1卫,110.00,东南,https://nn.zu.ke.com/zufang/NN1959498261425291264.html
整租·荣和·东盟国际 2室1厅 南,2800,青秀区-凤岭北-荣和 - 东盟国际,2室1厅1卫,72.00,南,https://nn.zu.ke.com/zufang/NN1959480686750466048.html
整租·彰泰江景湾 3室2厅 南,1800,邕宁区-龙岗-彰泰江景湾,3室2厅2卫,96.00,南,https://nn.zu.ke.com/zufang/NN1960302732573147136.html
整租·地王国际商会中心 4室1厅 东南,14500,青秀区-金湖-地王国际商会中心,4室1厅0卫,288.32,东南,https://nn.zu.ke.com/zufang/NN1960562830876868608.html
合租·广源大都会二期 4居室 东南/南卧,700,良庆区-五象核心区-广源大都会二期,4室2厅2卫,16.00,N/A,https://nn.zu.ke.com/zufang/NN1960648614036373504.html
整租·万科金域滨江 4室2厅 南/北,3000,邕宁区-龙岗-万科金域滨江,4室2厅2卫,143.00,N/A,https://nn.zu.ke.com/zufang/NN1960727219567329280.html
整租·利海亚洲国际 1室1厅 东南/南,1500,青秀区-东盟商务区-利海亚洲国际,1室1厅1卫,38.00,N/A,https://nn.zu.ke.com/zufang/NN1962099162023460864.html
整租·金之岛城市广场住宅 1室1厅 南,800,兴宁区-朝阳-金之岛城市广场住宅,1室1厅1卫,42.00,南,https://nn.zu.ke.com/zufang/NN1962368867464380416.html
整租·半岛融园小区 4室2厅 南/北,2300,青秀区-柳沙-半岛融园小区,4室2厅2卫,143.00,N/A,https://nn.zu.ke.com/zufang/NN1962172348958244864.html
整租·金旺角 1室0厅 南,700,青秀区-金湖-金旺角,1室0厅1卫,21.00,南,https://nn.zu.ke.com/zufang/NN1962830344021344256.html
整租·彰泰城B区 1室0厅 南,1400,良庆区-五象核心区-彰泰城B区,1室0厅1卫,39.36,南,https://nn.zu.ke.com/zufang/NN1962720930094383104.html
整租·青秀万达 1室1厅 东南,4000,青秀区-青秀万达-青秀万达,1室1厅1卫,110.00,东南,https://nn.zu.ke.com/zufang/NN1963096640709459968.html
整租·利海亚洲国际B区 1室0厅 南,1200,青秀区-东盟商务区-利海亚洲国际B区,1室0厅1卫,31.00,南,https://nn.zu.ke.com/zufang/NN1962438687010586624.html
整租·大唐盛世 6室2厅 南,5100,邕宁区-龙岗-大唐盛世,6室2厅2卫,287.00,南,https://nn.zu.ke.com/zufang/NN1963103361645412352.html
整租·南湖御景 3室1厅 南,1800,青秀区-星湖-南湖御景,3室1厅1卫,90.00,南,https://nn.zu.ke.com/zufang/NN1963104131287613440.html
整租·向南居·金溪园 1室1厅 东北,1300,青秀区-凤岭北-向南居 - 金溪园,1室1厅1卫,36.94,东北,https://nn.zu.ke.com/zufang/NN1964270920629485568.html
整租·盛世龙腾 2室2厅 南,1600,西乡塘区-心圩区-盛世龙腾,2室2厅1卫,102.00,南,https://nn.zu.ke.com/zufang/NN1963976594984796160.html
整租·保利领秀前城秀程府 4室2厅 东南,3500,青秀区-凤岭南-保利领秀前城秀程府,4室2厅2卫,128.00,东南,https://nn.zu.ke.com/zufang/NN1964285511459667968.html
整租·龙域香醍半岛 4室2厅 南/北,1900,邕宁区-龙岗-龙域香醍半岛,4室2厅2卫,128.00,N/A,https://nn.zu.ke.com/zufang/NN1963138269231185920.html
整租·前海人寿金融中心 6室1厅 东北,23077,良庆区-五象核心区-前海人寿金融中心,6室1厅0卫,607.29,东北,https://nn.zu.ke.com/zufang/NN1963166942185390080.html
整租·中房·翡翠湾 2室2厅 南,2500,青秀区-东盟商务区-中房 - 翡翠湾,2室2厅1卫,89.93,南,https://nn.zu.ke.com/zufang/NN1963909531297644544.html
整租·恒大苹果园·金色阳光 4室1厅 东南,3500,青秀区-琅东-恒大苹果园 - 金色阳光,4室1厅2卫,185.00,东南,https://nn.zu.ke.com/zufang/NN1963830996230995968.html
整租·中房·翡翠湾 1室2厅 南,2500,青秀区-东盟商务区-中房 - 翡翠湾,1室2厅0卫,86.86,南,https://nn.zu.ke.com/zufang/NN1963910613952364544.html
整租·梦之岛花园 3室2厅 南/北,2500,青秀区-琅东-梦之岛花园,3室2厅2卫,120.00,N/A,https://nn.zu.ke.com/zufang/NN1964326185970171904.html
整租·檀府印象檀熙 4室2厅 南/北,2500,良庆区-五象湖-檀府印象檀熙,4室2厅2卫,118.00,N/A,https://nn.zu.ke.com/zufang/NN1964932974906441728.html
整租·世洋大厦 2室2厅 北,6800,青秀区-东盟商务区-世洋大厦,2室2厅0卫,315.42,北,https://nn.zu.ke.com/zufang/NN1965380039549648896.html
整租·摩卡生活馆 1室1厅 东,1500,青秀区-星湖-摩卡生活馆,1室1厅1卫,40.00,东,https://nn.zu.ke.com/zufang/NN1965270473923100672.html
整租·凯丰大厦 1室0厅 北,1000,青秀区-东葛路-凯丰大厦,1室0厅1卫,46.00,北,https://nn.zu.ke.com/zufang/NN1965407206266372096.html
整租·利海亚洲国际 1室1厅 东南/南,1500,青秀区-东盟商务区-利海亚洲国际,1室1厅1卫,38.00,N/A,https://nn.zu.ke.com/zufang/NN1962099162023460864.html
整租·金之岛城市广场住宅 1室1厅 南,800,兴宁区-朝阳-金之岛城市广场住宅,1室1厅1卫,42.00,南,https://nn.zu.ke.com/zufang/NN1962368867464380416.html
整租·金旺角 1室0厅 南,700,青秀区-金湖-金旺角,1室0厅1卫,21.00,南,https://nn.zu.ke.com/zufang/NN1962830344021344256.html
整租·彰泰城B区 1室0厅 南,1400,良庆区-五象核心区-彰泰城B区,1室0厅1卫,39.36,南,https://nn.zu.ke.com/zufang/NN1962720930094383104.html
整租·大唐盛世 6室2厅 南,5100,邕宁区-龙岗-大唐盛世,6室2厅2卫,287.00,南,https://nn.zu.ke.com/zufang/NN1963103361645412352.html
整租·向南居·金溪园 1室1厅 东北,1300,青秀区-凤岭北-向南居 - 金溪园,1室1厅1卫,36.94,东北,https://nn.zu.ke.com/zufang/NN1964270920629485568.html
整租·保利领秀前城秀程府 4室2厅 东南,3500,青秀区-凤岭南-保利领秀前城秀程府,4室2厅2卫,128.00,东南,https://nn.zu.ke.com/zufang/NN1964285511459667968.html
整租·龙域香醍半岛 4室2厅 南/北,1900,邕宁区-龙岗-龙域香醍半岛,4室2厅2卫,128.00,N/A,https://nn.zu.ke.com/zufang/NN1963138269231185920.html
整租·前海人寿金融中心 10室2厅 东南,96884,良庆区-五象核心区-前海人寿金融中心,10室2厅1卫,2603.75,东南,https://nn.zu.ke.com/zufang/NN1963163977470967808.html
整租·中房·翡翠湾 1室2厅 南,2500,青秀区-东盟商务区-中房 - 翡翠湾,1室2厅0卫,86.86,南,https://nn.zu.ke.com/zufang/NN1963910613952364544.html
整租·檀府印象檀熙 4室2厅 南/北,2500,良庆区-五象湖-檀府印象檀熙,4室2厅2卫,118.00,N/A,https://nn.zu.ke.com/zufang/NN1964932974906441728.html
整租·世洋大厦 2室2厅 北,6800,青秀区-东盟商务区-世洋大厦,2室2厅0卫,315.42,北,https://nn.zu.ke.com/zufang/NN1965380039549648896.html
整租·凯丰大厦 1室0厅 北,1000,青秀区-东葛路-凯丰大厦,1室0厅1卫,46.00,北,https://nn.zu.ke.com/zufang/NN1965407206266372096.html
整租·绿城画卷 1室0厅 东南,1800,青秀区-金湖-绿城画卷,1室0厅1卫,45.00,东南,https://nn.zu.ke.com/zufang/NN1965763261781508096.html
整租·悦桂绿地新世界 3室2厅 南,500,江南区-经开区-悦桂绿地新世界,3室2厅2卫,97.05,南,https://nn.zu.ke.com/zufang/NN1965720746743300096.html
整租·金玖世家北区 4室2厅 南/北,2200,良庆区-玉洞-金玖世家北区,4室2厅2卫,117.00,N/A,https://nn.zu.ke.com/zufang/NN1965629910940647424.html
整租·阳光100 2室1厅 南,2300,青秀区-东葛路-阳光100,2室1厅1卫,100.00,南,https://nn.zu.ke.com/zufang/NN1966070774942924800.html
整租·金和大厦 2室1厅 东南,6750,青秀区-星湖-金和大厦,2室1厅0卫,135.00,东南,https://nn.zu.ke.com/zufang/NN1966090130951241728.html
整租·旺南花园小区 4室2厅 南,3000,青秀区-青秀万达-旺南花园小区,4室2厅2卫,136.00,南,https://nn.zu.ke.com/zufang/NN1966014094498594816.html
整租·金和大厦 1室0厅 南,4908,青秀区-星湖-金和大厦,1室0厅0卫,89.24,南,https://nn.zu.ke.com/zufang/NN1965993102942404608.html
整租·荣和悦澜山 4室1厅 南/北,2600,青秀区-凤岭北-荣和悦澜山,4室1厅2卫,109.00,N/A,https://nn.zu.ke.com/zufang/NN1966516133209047040.html
整租·阳光100上东国际 1室0厅 东,1500,青秀区-琅东-阳光100上东国际,1室0厅1卫,55.00,东,https://nn.zu.ke.com/zufang/NN1966469884510470144.html
整租·山水花都秀竹花园 3室3厅 西南,2700,青秀区-金湖-山水花都秀竹花园,3室3厅2卫,153.00,西南,https://nn.zu.ke.com/zufang/NN1967523088463560704.html
整租·银海华廷 3室2厅 南,1500,良庆区-玉洞-银海华廷,3室2厅1卫,100.00,南,https://nn.zu.ke.com/zufang/NN1974699516384772096.html
整租·东方花园 3室2厅 东南,2400,青秀区-金湖-东方花园,3室2厅1卫,110.00,东南,https://nn.zu.ke.com/zufang/NN1974709581284114432.html
整租·龙光世纪中心 1室1厅 南,6800,青秀区-东盟商务区-龙光世纪中心,1室1厅0卫,73.00,南,https://nn.zu.ke.com/zufang/NN1974692796212183040.html
整租·枫林蓝岸 5室2厅 复式 南,16000,青秀区-凤岭北-枫林蓝岸,5室2厅2卫,236.00,南,https://nn.zu.ke.com/zufang/NN1974789386868359168.html
整租·福满瑞园 4室2厅 复式 南,3500,江南区-经开区-福满瑞园,4室2厅2卫,249.91,南,https://nn.zu.ke.com/zufang/NN1974783046397722624.html
整租·台湾街宜兰湾 1室1厅 东南,1500,西乡塘区-西大-台湾街宜兰湾,1室1厅1卫,70.00,东南,https://nn.zu.ke.com/zufang/NN1975030964606205952.html
整租·启迪亮 4室2厅 南/北,2000,邕宁区-龙岗-启迪亮,4室2厅2卫,136.00,N/A,https://nn.zu.ke.com/zufang/NN1975452912683319296.html
整租·金玖世家北区 4室2厅 北,2300,良庆区-玉洞-金玖世家北区,4室2厅2卫,115.00,北,https://nn.zu.ke.com/zufang/NN1975502725646909440.html
整租·绿城春江明月 4室2厅 东南,3800,良庆区-五象核心区-绿城春江明月,4室2厅2卫,145.00,东南,https://nn.zu.ke.com/zufang/NN1976216526964916224.html
整租·圣展独立公社 1室1厅 西/西北,17100,青秀区-金湖-圣展独立公社,1室1厅1卫,285.00,N/A,https://nn.zu.ke.com/zufang/NN1976201126457901056.html
整租·荣和山水绿城B1组团 2室2厅 南,1400,兴宁区-北湖南-荣和山水绿城B1组团,2室2厅1卫,65.00,南,https://nn.zu.ke.com/zufang/NN1976193814636789760.html
整租·幸福里 4室2厅 南,28000,青秀区-东盟商务区-幸福里,4室2厅4卫,328.00,南,https://nn.zu.ke.com/zufang/NN1975906478216708096.html
整租·中鼎万象东方 1室1厅 北,2000,青秀区-凤岭北-中鼎万象东方,1室1厅1卫,46.00,北,https://nn.zu.ke.com/zufang/NN1976552271915253760.html
整租·万科公园里 4室2厅 东/南,2300,良庆区-五象文旅-万科公园里,4室2厅2卫,125.00,N/A,https://nn.zu.ke.com/zufang/NN1976619271140147200.html
整租·广源大都会 3室2厅 南/北,3000,良庆区-五象核心区-广源大都会,3室2厅2卫,108.00,N/A,https://nn.zu.ke.com/zufang/NN1976947970121138176.html
整租·盛湖悦景 4室2厅 南/北,2000,邕宁区-龙岗-盛湖悦景,4室2厅2卫,128.00,N/A,https://nn.zu.ke.com/zufang/NN1976904327951810560.html
整租·万科金域中央一期 5室2厅 南,4000,良庆区-玉洞-万科金域中央一期,5室2厅2卫,144.00,南,https://nn.zu.ke.com/zufang/NN1976950306398797824.html
整租·彰泰城B区 1室1厅 南,1500,良庆区-五象核心区-彰泰城B区,1室1厅1卫,39.00,南,https://nn.zu.ke.com/zufang/NN1976953626697924608.html
整租·南湖聚宝苑 5室2厅 东南,13600,青秀区-金湖-南湖聚宝苑,5室2厅2卫,270.00,东南,https://nn.zu.ke.com/zufang/NN1977361081516949504.html
整租·东葛路18-1汇宇花园 5室2厅 东南,3200,青秀区-东葛路-东葛路18-1汇宇花园,5室2厅2卫,120.00,东南,https://nn.zu.ke.com/zufang/NN1977298878340268032.html
整租·伟业小区 3室2厅 南,2000,青秀区-东葛路-伟业小区,3室2厅2卫,120.00,南,https://nn.zu.ke.com/zufang/NN1977214688982728704.html
整租·凤岭·新新家园A区 4室2厅 南,2700,青秀区-凤岭北-凤岭 - 新新家园A区,4室2厅2卫,119.00,南,https://nn.zu.ke.com/zufang/NN1977686148851433472.html
整租·中房翡翠园一期 3室2厅 北,2300,青秀区-琅东-中房翡翠园一期,3室2厅2卫,145.00,北,https://nn.zu.ke.com/zufang/NN2038190786884927488.html
整租·龙光玖誉城悦城 1室1厅 北,2000,江南区-经开区-龙光玖誉城悦城,1室1厅1卫,28.00,北,https://nn.zu.ke.com/zufang/NN1964363903219531776.html
整租·耀凯凤岭1号 1室1厅 东南,15000,青秀区-东盟商务区-耀凯凤岭1号,1室1厅1卫,67.00,东南,https://nn.zu.ke.com/zufang/NN2038148638416306176.html
整租·宏桂东昇 2室2厅 东南,1500,青秀区-仙葫-宏桂东昇,2室2厅1卫,85.00,东南,https://nn.zu.ke.com/zufang/NN1965008414266359808.html
整租·平安家园 3室2厅 南/北,2300,青秀区-凤岭北-平安家园,3室2厅2卫,110.00,N/A,https://nn.zu.ke.com/zufang/NN1976179500441927680.html
整租·盛邦珑湖 1室0厅 南,2800,良庆区-玉洞-盛邦珑湖,1室0厅0卫,75.00,南,https://nn.zu.ke.com/zufang/NN2039656244855177216.html
整租·宏桂东昇 2室2厅 南,1500,青秀区-仙葫-宏桂东昇,2室2厅1卫,89.00,南,https://nn.zu.ke.com/zufang/NN1976942195365642240.html
整租·金河中心 4室2厅 南,2350,兴宁区-东沟岭-金河中心,4室2厅3卫,100.00,南,https://nn.zu.ke.com/zufang/NN2040070824798453760.html
整租·大唐盛世 3室2厅 北,1200,邕宁区-龙岗-大唐盛世,3室2厅1卫,93.00,北,https://nn.zu.ke.com/zufang/NN1977204388002791424.html
整租·幸福里 5室3厅 南,25000,青秀区-东盟商务区-幸福里,5室3厅2卫,387.00,南,https://nn.zu.ke.com/zufang/NN2039729893347950592.html
整租·凤岭山语城 1室1厅 西北,12000,青秀区-凤岭北-凤岭山语城,地下室,180.00,西北,https://nn.zu.ke.com/zufang/NN2041013927566901248.html
整租·五象世茂中心 1室1厅 南,1100,良庆区-五象核心区-五象世茂中心,1室1厅1卫,40.00,南,https://nn.zu.ke.com/zufang/NN1977665221585534976.html
整租·阳光100上东国际 3室2厅 西,2000,青秀区-琅东-阳光100上东国际,3室2厅1卫,87.66,西,https://nn.zu.ke.com/zufang/NN2041030343506526208.html
整租·利海亚洲国际B区 4室2厅 东,7200,青秀区-东盟商务区-利海亚洲国际B区,4室2厅0卫,60.00,东,https://nn.zu.ke.com/zufang/NN1977976535532961792.html
整租·瀚林学府二期 2室2厅 南,8000,西乡塘区-西大-瀚林学府二期,2室2厅1卫,110.00,南,https://nn.zu.ke.com/zufang/NN2041039608040390656.html
整租·汇春名庭东区 4室2厅 东南,4000,青秀区-金湖-汇春名庭东区,4室2厅2卫,215.00,东南,https://nn.zu.ke.com/zufang/NN1977214702031208448.html
整租·古城馨园 2室1厅 南,2500,青秀区-星湖-古城馨园,2室1厅1卫,80.00,南,https://nn.zu.ke.com/zufang/NN1977672786461589504.html
整租·万科魅力之城 4室1厅 南,2200,良庆区-五象湖-万科魅力之城,4室1厅2卫,92.00,南,https://nn.zu.ke.com/zufang/NN1978032117807841280.html
整租·中房翡翠园一期 2室2厅 南/北,2000,青秀区-琅东-中房翡翠园一期,2室2厅1卫,88.00,N/A,https://nn.zu.ke.com/zufang/NN2001968186370555904.html
整租·湖江公寓 5室2厅 南/北,3500,青秀区-星湖-湖江公寓,5室2厅2卫,192.00,N/A,https://nn.zu.ke.com/zufang/NN2001948399187787776.html
整租·印象·愉景湾 4室2厅 东南,1500,良庆区-五象湖-印象 - 愉景湾,4室2厅2卫,109.19,东南,https://nn.zu.ke.com/zufang/NN2001951772133818368.html
整租·龙光国际 3室1厅 西北,9800,良庆区-五象核心区-龙光国际,3室1厅0卫,180.00,西北,https://nn.zu.ke.com/zufang/NN2002342117568937984.html
整租·龙光国际 3室1厅 西北,9800,良庆区-五象核心区-龙光国际,3室1厅0卫,180.00,西北,https://nn.zu.ke.com/zufang/NN2002332995486220288.html
整租·外滩新城 3室1厅 南,2500,青秀区-星湖-外滩新城,3室1厅1卫,123.00,南,https://nn.zu.ke.com/zufang/NN2002334199188553728.html
整租·东葛华都 1室1厅 南,1200,青秀区-东葛路-东葛华都,1室1厅1卫,50.00,南,https://nn.zu.ke.com/zufang/NN2002314874868203520.html
整租·白鹭北城白鹭郡 4室2厅 南/北,1800,兴宁区-兴宁东-白鹭北城白鹭郡,4室2厅2卫,115.00,N/A,https://nn.zu.ke.com/zufang/NN2002219686107807744.html
整租·凯丰大厦 1室1厅 南,2000,青秀区-东葛路-凯丰大厦,1室1厅1卫,100.00,南,https://nn.zu.ke.com/zufang/NN2001527088166731776.html
整租·檀府印象檀熙 4室2厅 南/北,1500,良庆区-五象湖-檀府印象檀熙,4室2厅2卫,128.00,N/A,https://nn.zu.ke.com/zufang/NN2001588911096201216.html
整租·威宁青运村 5室2厅 北,4000,良庆区-五象核心区-威宁青运村,5室2厅2卫,143.00,北,https://nn.zu.ke.com/zufang/NN2001602218049929216.html
整租·龙光世纪中心 1室1厅 南,4300,青秀区-东盟商务区-龙光世纪中心,1室1厅0卫,65.00,南,https://nn.zu.ke.com/zufang/NN2001607795647971328.html
整租·嘉和城温莎北郡 3室2厅 南,1000,兴宁区-兴宁东-嘉和城温莎北郡,3室2厅2卫,83.00,南,https://nn.zu.ke.com/zufang/NN2001884841993306112.html
整租·中海哈罗学府 3室2厅 南,2300,邕宁区-龙岗-中海哈罗学府,3室2厅2卫,97.00,南,https://nn.zu.ke.com/zufang/NN2001649806988017664.html
整租·锦绣花园 1室1厅 南,1500,青秀区-星湖-锦绣花园,1室1厅1卫,39.00,南,https://nn.zu.ke.com/zufang/NN2001610526924210176.html
整租·龙光天瀛 3室2厅 南/北,3500,良庆区-五象湖-龙光天瀛,3室2厅2卫,97.00,N/A,https://nn.zu.ke.com/zufang/NN2001656171835949056.html
整租·万达广场 1室1厅 南,3500,江南区-白沙星光-万达广场,1室1厅2卫,62.00,南,https://nn.zu.ke.com/zufang/NN2001937935934423040.html
整租·阳光城时代中心 1室1厅 东,2600,良庆区-五象核心区-阳光城时代中心,1室1厅1卫,36.50,东,https://nn.zu.ke.com/zufang/NN2003745155378577408.html
整租·云星钱隆首府B组团 1室1厅 南,1800,良庆区-五象核心区-云星钱隆首府B组团,1室1厅1卫,49.00,南,https://nn.zu.ke.com/zufang/NN1983462402405957632.html
整租·广源国际社区 4室2厅 东南,4500,青秀区-东盟商务区-广源国际社区,4室2厅2卫,172.00,东南,https://nn.zu.ke.com/zufang/NN1983416759897554944.html
整租·翠竹小区 4室2厅 南/北,2500,青秀区-凤岭北-翠竹小区,4室2厅2卫,150.00,N/A,https://nn.zu.ke.com/zufang/NN1983872073709125632.html
整租·荣和大地二组团 4室2厅 东南,3800,青秀区-凤岭北-荣和大地二组团,4室2厅2卫,116.00,东南,https://nn.zu.ke.com/zufang/NN1983844145822695424.html
整租·江景华廷 3室1厅 东南,1500,青秀区-仙葫-江景华廷,3室1厅1卫,99.23,东南,https://nn.zu.ke.com/zufang/NN1983820218459226112.html
整租·青年国际 2室1厅 复式 东南,1000,青秀区-东葛路-青年国际,2室1厅1卫,32.00,东南,https://nn.zu.ke.com/zufang/NN1983844217037783040.html
整租·盛科城 3室1厅 南/北,2900,良庆区-五象核心区-盛科城,3室1厅2卫,98.00,N/A,https://nn.zu.ke.com/zufang/NN1983913524874706944.html
整租·万科金域蓝湾 4室2厅 西南,1900,良庆区-五象湖-万科金域蓝湾,4室2厅2卫,108.00,西南,https://nn.zu.ke.com/zufang/NN1983911418797228032.html
整租·盛湖悦景 4室2厅 东南/西南,1300,邕宁区-龙岗-盛湖悦景,4室2厅2卫,111.00,N/A,https://nn.zu.ke.com/zufang/NN1983880300505071616.html
整租·五象澜庭府沁苑 4室2厅 南,2500,良庆区-五象湖-五象澜庭府沁苑,4室2厅2卫,112.00,南,https://nn.zu.ke.com/zufang/NN1986003892957085696.html
整租·安吉万达华府 4室1厅 南/北,2500,西乡塘区-安吉-安吉万达华府,4室1厅1卫,100.00,N/A,https://nn.zu.ke.com/zufang/NN1986092293920129024.html
整租·大唐臻观 4室2厅 东南/南,10000,青秀区-琅东-大唐臻观,4室2厅2卫,170.00,N/A,https://nn.zu.ke.com/zufang/NN1986018393098027008.html
整租·恒大名都 3室2厅 南/北,1900,良庆区-大沙田-恒大名都,3室2厅2卫,122.00,N/A,https://nn.zu.ke.com/zufang/NN1985971402494181376.html
整租·东盟华府 4室2厅 东南,2100,江南区-沙井-东盟华府,4室2厅2卫,110.00,东南,https://nn.zu.ke.com/zufang/NN1985920110400897024.html
整租·永凯春晖花园西C区 4室2厅 南,3200,青秀区-凤岭北-永凯春晖花园西C区,4室2厅2卫,143.00,南,https://nn.zu.ke.com/zufang/NN1985920073147088896.html
整租·龙域香醍半岛 3室2厅 南/北,1500,邕宁区-龙岗-龙域香醍半岛,3室2厅2卫,100.00,N/A,https://nn.zu.ke.com/zufang/NN1985964642312126464.html
整租·金湖帝景 2室1厅 南,2300,青秀区-金湖-金湖帝景,2室1厅1卫,65.00,南,https://nn.zu.ke.com/zufang/NN1986311149401931776.html
整租·逸景園 3室2厅 东南/南,3600,青秀区-金湖-逸景園,3室2厅2卫,120.00,N/A,https://nn.zu.ke.com/zufang/NN1986307134681251840.html
整租·西江大厦 3室2厅 南,4100,青秀区-金湖-西江大厦,3室2厅2卫,168.00,南,https://nn.zu.ke.com/zufang/NN1636293136638541824.html
整租·中房翡翠园一期 3室2厅 东南,2800,青秀区-琅东-中房翡翠园一期,3室2厅2卫,142.19,东南,https://nn.zu.ke.com/zufang/NN1639251229496311808.html
整租·广西民族宫 1室0厅 东/东南,3000,青秀区-东葛路-广西民族宫,1室0厅0卫,80.00,N/A,https://nn.zu.ke.com/zufang/NN1635248473349554176.html
整租·龙光玖珑臺 4室2厅 东南,1800,邕宁区-龙岗-龙光玖珑臺,4室2厅2卫,120.00,东南,https://nn.zu.ke.com/zufang/NN1607710530078769152.html
整租·五洲国际 3室2厅 复式 东南,3600,青秀区-东盟商务区-五洲国际,3室2厅2卫,93.00,东南,https://nn.zu.ke.com/zufang/NN1595344638875533312.html
整租·自治区人事厅宿舍 3室2厅 南,2000,青秀区-东葛路-自治区人事厅宿舍,3室2厅1卫,90.00,南,https://nn.zu.ke.com/zufang/NN1585553774879965184.html
整租·华兴大厦 4室2厅 东南,3000,青秀区-东葛路-华兴大厦,4室2厅2卫,180.00,东南,https://nn.zu.ke.com/zufang/NN1619298603816189952.html
整租·盛湖悦景 4室2厅 南/北,1500,邕宁区-龙岗-盛湖悦景,4室2厅2卫,111.00,N/A,https://nn.zu.ke.com/zufang/NN1625358558818205696.html
整租·檀府印象檀熙 3室2厅 南,1500,良庆区-五象湖-檀府印象檀熙,3室2厅2卫,98.00,南,https://nn.zu.ke.com/zufang/NN1635230171214643200.html
整租·东方曼哈顿 1室1厅 西,4500,青秀区-金湖-东方曼哈顿,1室1厅0卫,90.00,西,https://nn.zu.ke.com/zufang/NN1637416753698963456.html
整租·绿地中央广场 1室0厅 东南,2000,青秀区-青秀万达-绿地中央广场,1室0厅1卫,38.80,东南,https://nn.zu.ke.com/zufang/NN1638504187195031552.html
整租·绿地中央广场 1室0厅 东南,2300,青秀区-青秀万达-绿地中央广场,1室0厅1卫,38.86,东南,https://nn.zu.ke.com/zufang/NN1638504657783357440.html
整租·塞纳维拉花园 4室2厅 南/北,3000,青秀区-凤岭北-塞纳维拉花园,4室2厅2卫,175.00,N/A,https://nn.zu.ke.com/zufang/NN2861427298706931712.html
整租·丰业·柠檬宿 1室0厅 北,950,西乡塘区-北湖南-丰业 - 柠檬宿,1室0厅1卫,46.41,北,https://nn.zu.ke.com/zufang/NN2864349007990226944.html
整租·龙光玖誉湖御湖 4室2厅 南/北,2000,良庆区-五象文旅-龙光玖誉湖御湖,4室2厅2卫,116.00,N/A,https://nn.zu.ke.com/zufang/NN2858696402698248192.html
整租·恒大御景 4室2厅 南/北,1800,良庆区-玉洞-恒大御景,4室2厅2卫,124.20,N/A,https://nn.zu.ke.com/zufang/NN2850601839173844992.html
整租·东葛华都 1室1厅 东南,2000,青秀区-东葛路-东葛华都,1室1厅1卫,80.00,东南,https://nn.zu.ke.com/zufang/NN2871076649141534720.html
整租·新竹小区 4室1厅 南,2200,青秀区-东葛路-新竹小区,4室1厅1卫,90.00,南,https://nn.zu.ke.com/zufang/NN2899357907051085824.html
整租·万科魅力之城 3室2厅 东南,1300,良庆区-五象湖-万科魅力之城,3室2厅1卫,78.00,东南,https://nn.zu.ke.com/zufang/NN2898584424234876928.html
整租·富宁新兴苑 4室2厅 南/北,2000,江南区-五一路-富宁新兴苑,4室2厅2卫,121.00,N/A,https://nn.zu.ke.com/zufang/NN2823947640998199296.html
整租·天立TT国际 1室1厅 南,1200,青秀区-金湖-天立TT国际,1室1厅1卫,55.00,南,https://nn.zu.ke.com/zufang/NN2760899275293458432.html
整租·龙光玖誉湖澜湖 3室2厅 南,2000,良庆区-五象文旅-龙光玖誉湖澜湖,3室2厅2卫,89.00,南,https://nn.zu.ke.com/zufang/NN2776075787449933824.html
整租·龙光玖珑臺 4室2厅 南,1800,邕宁区-龙岗-龙光玖珑臺,4室2厅2卫,115.00,南,https://nn.zu.ke.com/zufang/NN2839687231705456640.html
整租·联盟新城 4室2厅 复式 东南,6200,青秀区-东盟商务区-联盟新城,4室2厅2卫,300.00,东南,https://nn.zu.ke.com/zufang/NN2848706573965205504.html
整租·烟草公司生活区 3室1厅 东南,1100,青秀区-东葛路-烟草公司生活区,3室1厅1卫,80.00,东南,https://nn.zu.ke.com/zufang/NN2844052019390717952.html
整租·融创九棠府二期 4室2厅 南,2000,良庆区-五象湖-融创九棠府二期,4室2厅2卫,129.00,南,https://nn.zu.ke.com/zufang/NN2848638016623755264.html
整租·中房琅东小区 3室2厅 南,2500,青秀区-金湖-中房琅东小区,3室2厅2卫,103.00,南,https://nn.zu.ke.com/zufang/NN1707710900963639296.html
整租·天誉半岛 5室2厅 东南,3000,良庆区-五象文旅-天誉半岛,5室2厅2卫,140.00,东南,https://nn.zu.ke.com/zufang/NN1709087681499103232.html
整租·印象·愉景湾 4室2厅 南,2000,良庆区-五象湖-印象 - 愉景湾,4室2厅2卫,110.00,南,https://nn.zu.ke.com/zufang/NN1700512056924438528.html
整租·蓝宝国际 1室1厅 南,1800,青秀区-琅东-蓝宝国际,1室1厅1卫,40.50,南,https://nn.zu.ke.com/zufang/NN1709523016490156032.html
整租·太阳广场 4室2厅 东南,3800,兴宁区-朝阳-太阳广场,4室2厅2卫,165.00,东南,https://nn.zu.ke.com/zufang/NN1739176151043014656.html
整租·龙光世纪中心 3室1厅 东南,11000,青秀区-东盟商务区-龙光世纪中心,3室1厅1卫,126.75,东南,https://nn.zu.ke.com/zufang/NN1718110118542835712.html
整租·霖峰壹号3组团 1室1厅 东南,14500,青秀区-凤岭北-霖峰壹号3组团,1室1厅1卫,188.00,东南,https://nn.zu.ke.com/zufang/NN1717053938286460928.html
整租·青秀万达 1室0厅 东,3360,青秀区-青秀万达-青秀万达,1室0厅0卫,56.00,东,https://nn.zu.ke.com/zufang/NN1739138408036433920.html
整租·澜湾九里二期 3室2厅 南,3500,良庆区-五象核心区-澜湾九里二期,3室2厅2卫,137.00,南,https://nn.zu.ke.com/zufang/NN1677525639415988224.html
整租·碧园南城故事 3室2厅 南,1500,江南区-经开区-碧园南城故事,3室2厅2卫,110.00,南,https://nn.zu.ke.com/zufang/NN1739610977290158080.html
整租·润和谷 3室2厅 南,1300,青秀区-仙葫-润和谷,3室2厅2卫,116.24,南,https://nn.zu.ke.com/zufang/NN1676511918866563072.html
整租·时代天骄 1室1厅 南,4500,西乡塘区-西大-时代天骄,1室1厅1卫,120.00,南,https://nn.zu.ke.com/zufang/NN1735604835517988864.html
整租·金碧苑小区 3室2厅 东南,3800,青秀区-金湖-金碧苑小区,3室2厅2卫,149.14,东南,https://nn.zu.ke.com/zufang/NN1685167887628632064.html
整租·园湖南路34号 4室2厅 南,2800,青秀区-东葛路-园湖南路34号,4室2厅2卫,142.00,南,https://nn.zu.ke.com/zufang/NN1736693374804557824.html
整租·悦桂绿地新世界 3室2厅 南,1700,江南区-经开区-悦桂绿地新世界,3室2厅2卫,105.00,南,https://nn.zu.ke.com/zufang/NN1994366342643318784.html
整租·中房翡翠园一期 4室2厅 南,2500,青秀区-琅东-中房翡翠园一期,4室2厅2卫,150.00,南,https://nn.zu.ke.com/zufang/NN1993913639580467200.html
整租·万科金域中央二期 3室2厅 南,2950,良庆区-玉洞-万科金域中央二期,3室2厅2卫,100.00,南,https://nn.zu.ke.com/zufang/NN1994645639949975552.html
整租·天誉城 1室1厅 南,1800,良庆区-五象文旅-天誉城,1室1厅1卫,30.00,南,https://nn.zu.ke.com/zufang/NN1997154056568569856.html
整租·金湖帝景 1室0厅 南,800,青秀区-金湖-金湖帝景,1室0厅0卫,25.00,南,https://nn.zu.ke.com/zufang/NN1993567969740849152.html
整租·农行家属院住宅区 4室2厅 南/北,4500,青秀区-金湖-农行家属院住宅区,4室2厅2卫,170.00,N/A,https://nn.zu.ke.com/zufang/NN1993546957116669952.html
整租·昊然风景 3室2厅 南,3300,青秀区-琅东-昊然风景,3室2厅2卫,121.00,南,https://nn.zu.ke.com/zufang/NN1993250520789155840.html
整租·金菲豪园 3室2厅 南/北,4000,青秀区-东盟商务区-金菲豪园,3室2厅2卫,142.65,N/A,https://nn.zu.ke.com/zufang/NN1993148618646749184.html
整租·边防警官公寓 4室2厅 南,5500,青秀区-凤岭北-边防警官公寓,4室2厅2卫,200.00,南,https://nn.zu.ke.com/zufang/NN1997908438394339328.html
整租·五象世茂中心 1室1厅 南,1600,良庆区-五象核心区-五象世茂中心,1室1厅1卫,39.00,南,https://nn.zu.ke.com/zufang/NN1997901375765217280.html
整租·天昌东盟中央城B区 2室1厅 南/北,2600,青秀区-东盟商务区-天昌东盟中央城B区,2室1厅1卫,58.00,N/A,https://nn.zu.ke.com/zufang/NN1998036542240587776.html
整租·枫林蓝岸 4室2厅 南,5000,青秀区-凤岭北-枫林蓝岸,4室2厅2卫,166.00,南,https://nn.zu.ke.com/zufang/NN1998245122378039296.html
整租·国贸中心 1室1厅 南,1500,青秀区-朝阳-国贸中心,1室1厅1卫,59.00,南,https://nn.zu.ke.com/zufang/NN1998244522512875520.html
整租·又一居公寓 1室0厅 东南,700,西乡塘区-西大-又一居公寓,1室0厅1卫,30.00,东南,https://nn.zu.ke.com/zufang/NN1998294933810708480.html
整租·国贸中心 3室2厅 南,6000,青秀区-朝阳-国贸中心,3室2厅1卫,196.00,南,https://nn.zu.ke.com/zufang/NN1998296241573724160.html
整租·宝能五象湖一号 3室2厅 南,800,良庆区-五象湖-宝能五象湖一号,3室2厅1卫,92.00,南,https://nn.zu.ke.com/zufang/NN1998321837242580992.html
整租·区水利厅机关大院 3室2厅 南,3300,青秀区-东葛路-区水利厅机关大院,3室2厅2卫,120.00,南,https://nn.zu.ke.com/zufang/NN1998327100750168064.html
整租·霖峰壹號2组团 3室2厅 南,3000,青秀区-凤岭北-霖峰壹號2组团,3室2厅2卫,89.00,南,https://nn.zu.ke.com/zufang/NN1998423900811165696.html
整租·大唐总部一号 4室4厅 东南,13000,良庆区-五象核心区-大唐总部一号,4室4厅2卫,260.00,东南,https://nn.zu.ke.com/zufang/NN1998353513771433984.html
整租·昊然风景 0室0厅 东,300,青秀区-琅东-昊然风景,地下室,30.00,东,https://nn.zu.ke.com/zufang/NN1998328569201164288.html
整租·和美春天 1室0厅 南,400,青秀区-琅东-和美春天,1室0厅0卫,17.00,南,https://nn.zu.ke.com/zufang/NN1998356215444275200.html
整租·南宁绿地中心 2室1厅 南,6000,良庆区-五象核心区-南宁绿地中心,2室1厅0卫,120.00,南,https://nn.zu.ke.com/zufang/NN1998712648547434496.html
整租·美泉1612 4室2厅 南/北,5000,青秀区-凤岭北-美泉1612,4室2厅2卫,136.68,N/A,https://nn.zu.ke.com/zufang/NN1998707545971097600.html
整租·五象世茂中心 1室0厅 南,1350,良庆区-五象核心区-五象世茂中心,1室0厅1卫,40.00,南,https://nn.zu.ke.com/zufang/NN1998677207198728192.html
整租·金康天和时代 1室1厅 南,1500,江南区-白沙星光-金康天和时代,1室1厅1卫,91.00,南,https://nn.zu.ke.com/zufang/NN1998606889973186560.html
整租·振宁公寓 3室2厅 东南,2600,西乡塘区-北湖南-振宁公寓,3室2厅2卫,113.00,东南,https://nn.zu.ke.com/zufang/NN2021965884049850368.html
整租·人和莱茵鹭湖 4室2厅 南,2300,西乡塘区-心圩区-人和莱茵鹭湖,4室2厅2卫,97.00,南,https://nn.zu.ke.com/zufang/NN2022289066191486976.html
整租·展厦景湾生活区 4室2厅 南,3500,青秀区-凤岭北-展厦景湾生活区,4室2厅2卫,170.00,南,https://nn.zu.ke.com/zufang/NN2022295688208973824.html
整租·光明城市 4室2厅 东南/南,1800,良庆区-五象湖-光明城市,4室2厅2卫,145.00,N/A,https://nn.zu.ke.com/zufang/NN2022198410089594880.html
整租·德瑞花园 2室1厅 南/北,2900,青秀区-凤岭北-德瑞花园,2室1厅1卫,62.57,N/A,https://nn.zu.ke.com/zufang/NN2022199003759771648.html
整租·蓝山上城 1室1厅 南,1700,青秀区-凤岭北-蓝山上城,1室1厅1卫,48.00,南,https://nn.zu.ke.com/zufang/NN2022267798029336576.html
整租·半岛康城 3室2厅 南,2200,青秀区-柳沙-半岛康城,3室2厅2卫,126.00,南,https://nn.zu.ke.com/zufang/NN2022239717470240768.html
整租·教育路3号住宅小区 4室2厅 南/北,4000,青秀区-星湖-教育路3号住宅小区,4室2厅2卫,144.00,N/A,https://nn.zu.ke.com/zufang/NN2022234250224336896.html
整租·金龙理想1号 3室2厅 南,2500,青秀区-凤岭北-金龙理想1号,3室2厅2卫,118.00,南,https://nn.zu.ke.com/zufang/NN2022345620303380480.html
整租·彰泰城B区 4室2厅 南/北,3300,良庆区-五象核心区-彰泰城B区,4室2厅2卫,136.86,N/A,https://nn.zu.ke.com/zufang/NN2022535257542098944.html
整租·龙光玖珑臺 1室2厅 南,1500,邕宁区-龙岗-龙光玖珑臺,1室2厅1卫,60.00,南,https://nn.zu.ke.com/zufang/NN2022642035055394816.html
整租·盛世·联邦广场 3室2厅 南,2000,兴宁区-朝阳-盛世 - 联邦广场,3室2厅2卫,96.00,南,https://nn.zu.ke.com/zufang/NN2022870399481544704.html
整租·花畔里 3室2厅 南,1300,邕宁区-龙岗-花畔里,3室2厅2卫,89.00,南,https://nn.zu.ke.com/zufang/NN2022958087198998528.html
整租·天誉城 1室1厅 南,1200,良庆区-五象文旅-天誉城,1室1厅1卫,30.00,南,https://nn.zu.ke.com/zufang/NN2022965342464114688.html
整租·云星钱隆首府E地块 3室2厅 南,3200,良庆区-五象核心区-云星钱隆首府E地块,3室2厅2卫,113.00,南,https://nn.zu.ke.com/zufang/NN2022540799916376064.html
整租·檀府印象檀逸 4室2厅 南,2000,良庆区-五象文旅-檀府印象檀逸,4室2厅2卫,116.00,南,https://nn.zu.ke.com/zufang/NN2022541493935276032.html
整租·天誉花园3组团 4室2厅 东/南,1800,良庆区-五象文旅-天誉花园3组团,4室2厅2卫,89.00,N/A,https://nn.zu.ke.com/zufang/NN2023353437185376256.html
整租·庭香園 1室0厅 南,1000,江南区-经开区-庭香園,1室0厅1卫,36.00,南,https://nn.zu.ke.com/zufang/NN2023363238053281792.html
整租·金源CBD现代城 3室1厅 东南,8000,青秀区-金湖-金源CBD现代城,3室1厅0卫,218.00,东南,https://nn.zu.ke.com/zufang/NN2023362466485895168.html
整租·盛天华府 3室1厅 东南,3500,青秀区-东盟商务区-盛天华府,3室1厅1卫,72.00,东南,https://nn.zu.ke.com/zufang/NN2023343719675068416.html
整租·金源CBD现代城 6室2厅 东南,26000,青秀区-金湖-金源CBD现代城,6室2厅0卫,54.47,东南,https://nn.zu.ke.com/zufang/NN2023370721085882368.html
整租·金源CBD现代城 6室2厅 东南,26000,青秀区-金湖-金源CBD现代城,6室2厅0卫,65.84,东南,https://nn.zu.ke.com/zufang/NN2023370165281882112.html
整租·金源CBD现代城 6室2厅 东南,26000,青秀区-金湖-金源CBD现代城,6室2厅0卫,57.51,东南,https://nn.zu.ke.com/zufang/NN2023371404501581824.html
整租·金源CBD现代城 6室2厅 东南,26000,青秀区-金湖-金源CBD现代城,6室2厅0卫,736.00,东南,https://nn.zu.ke.com/zufang/NN2023368789814411264.html
整租·金源CBD现代城 6室2厅 东南,26000,青秀区-金湖-金源CBD现代城,6室2厅0卫,736.00,东南,https://nn.zu.ke.com/zufang/NN2023372060520087552.html
整租·金源CBD现代城 5室2厅 东南,26000,青秀区-金湖-金源CBD现代城,5室2厅0卫,736.00,东南,https://nn.zu.ke.com/zufang/NN2023372311268163584.html
整租·建发和鸣 2室2厅 南/北,1300,邕宁区-龙岗-建发和鸣,2室2厅1卫,78.14,N/A,https://nn.zu.ke.com/zufang/NN2023422045898932224.html
整租·建发鼎华北大珑廷 1室1厅 东南,2100,西乡塘区-西大-建发鼎华北大珑廷,1室1厅1卫,38.82,东南,https://nn.zu.ke.com/zufang/NN2023599069347184640.html
整租·金科城 3室2厅 东南,1200,良庆区-五象湖-金科城,3室2厅2卫,89.00,东南,https://nn.zu.ke.com/zufang/NN2023708760421171200.html
整租·盛天东郡 2室2厅 南,1600,兴宁区-兴宁东-盛天东郡,2室2厅1卫,89.00,南,https://nn.zu.ke.com/zufang/NN2023963799513464832.html
整租·城市花园 2室2厅 错层 东南,2600,青秀区-金湖-城市花园,2室2厅1卫,85.00,东南,https://nn.zu.ke.com/zufang/NN2023693700541972480.html
整租·万达广场 1室1厅 南,1800,江南区-白沙星光-万达广场,1室1厅1卫,45.00,南,https://nn.zu.ke.com/zufang/NN2023695207886749696.html
整租·嘉士摩根国际 3室2厅 南,1700,兴宁区-朝阳-嘉士摩根国际,3室2厅1卫,75.31,南,https://nn.zu.ke.com/zufang/NN2023642357324316672.html
整租·荣和·千千树 4室2厅 南,2500,青秀区-凤岭北-荣和 - 千千树,4室2厅2卫,92.00,南,https://nn.zu.ke.com/zufang/NN2023673288433074176.html
整租·凤岭名园 1室1厅 东,1500,青秀区-凤岭北-凤岭名园,1室1厅1卫,40.00,东,https://nn.zu.ke.com/zufang/NN2023601435383431168.html
整租·万科第五园 3室2厅 南,1600,兴宁区-兴宁东-万科第五园,3室2厅2卫,96.00,南,https://nn.zu.ke.com/zufang/NN2023372634862911488.html
整租·华润二十四城 3室2厅 南,3200,良庆区-五象湖-华润二十四城,3室2厅2卫,89.00,南,https://nn.zu.ke.com/zufang/NN2023755221309587456.html
整租·荣和·千千树 4室2厅 南/北,3000,青秀区-凤岭北-荣和 - 千千树,4室2厅2卫,92.00,N/A,https://nn.zu.ke.com/zufang/NN2023707396471259136.html
整租·绿地 · 国际花都 3室2厅 东南/南,1700,良庆区-五象湖-绿地  -  国际花都,3室2厅1卫,89.00,N/A,https://nn.zu.ke.com/zufang/NN2052683073975222272.html
整租·龙光玖誉湖澜湖 3室2厅 南,1900,良庆区-五象文旅-龙光玖誉湖澜湖,3室2厅2卫,98.00,南,https://nn.zu.ke.com/zufang/NN2052638135086481408.html
整租·花畔里 3室1厅 南,1200,邕宁区-龙岗-花畔里,3室1厅1卫,90.00,南,https://nn.zu.ke.com/zufang/NN2052688495054422016.html
整租·五洲国际 4室2厅 北,6500,青秀区-东盟商务区-五洲国际,4室2厅2卫,147.00,北,https://nn.zu.ke.com/zufang/NN2053081512051474432.html
整租·荣和大地二组团 4室2厅 南/北,3300,青秀区-凤岭北-荣和大地二组团,4室2厅2卫,120.00,N/A,https://nn.zu.ke.com/zufang/NN2053100144714317824.html
整租·天誉城 1室1厅 复式 南,1300,良庆区-五象文旅-天誉城,1室1厅1卫,30.00,南,https://nn.zu.ke.com/zufang/NN2053107689461907456.html
整租·保利领秀前城领秀府 4室2厅 南/北,3800,青秀区-凤岭南-保利领秀前城领秀府,4室2厅2卫,148.00,N/A,https://nn.zu.ke.com/zufang/NN2053104902846021632.html
整租·龙光玖誉城翰城 3室2厅 南,1500,江南区-经开区-龙光玖誉城翰城,3室2厅2卫,89.00,南,https://nn.zu.ke.com/zufang/NN2053104860919758848.html
整租·凤岭在水一方 3室2厅 南,1900,青秀区-凤岭北-凤岭在水一方,3室2厅1卫,90.00,南,https://nn.zu.ke.com/zufang/NN2053167288462344192.html
整租·丽景豪庭 3室2厅 南,2500,青秀区-金湖-丽景豪庭,3室2厅2卫,105.00,南,https://nn.zu.ke.com/zufang/NN2053154491011694592.html
整租·绿地中央广场二期 4室2厅 东南,5000,青秀区-青秀万达-绿地中央广场二期,4室2厅2卫,165.00,东南,https://nn.zu.ke.com/zufang/NN2053114222883110912.html
整租·世茂茂御府 3室2厅 南,1400,邕宁区-龙岗-世茂茂御府,3室2厅1卫,79.00,南,https://nn.zu.ke.com/zufang/NN2053122544638099456.html
整租·碧桂园天玺湾 3室2厅 南,1800,良庆区-玉洞-碧桂园天玺湾,3室2厅2卫,100.00,南,https://nn.zu.ke.com/zufang/NN2053010234422591488.html
整租·莱茵湖畔 2室2厅 北,1900,青秀区-琅东-莱茵湖畔,2室2厅1卫,93.00,北,https://nn.zu.ke.com/zufang/NN2053045751985995776.html
整租·建发五象印月 3室2厅 南/北,4000,良庆区-五象湖-建发五象印月,3室2厅2卫,108.00,N/A,https://nn.zu.ke.com/zufang/NN2053055074623553536.html
整租·城市杰座 1室1厅 东南,1600,青秀区-金湖-城市杰座,1室1厅1卫,58.00,东南,https://nn.zu.ke.com/zufang/NN2053067581371187200.html
整租·云星钱隆天下北区 3室2厅 南,3000,青秀区-金湖-云星钱隆天下北区,3室2厅2卫,101.00,南,https://nn.zu.ke.com/zufang/NN2053008519002587136.html
整租·万达广场 1室1厅 复式 西,2800,江南区-白沙星光-万达广场,1室1厅1卫,60.00,西,https://nn.zu.ke.com/zufang/NN2053065408881098752.html
整租·利海亚洲国际 1室0厅 南,1500,青秀区-东盟商务区-利海亚洲国际,1室0厅1卫,54.00,南,https://nn.zu.ke.com/zufang/NN2053054220747145216.html
整租·建发央玺 3室2厅 南/北,3680,良庆区-五象湖-建发央玺,3室2厅2卫,105.93,N/A,https://nn.zu.ke.com/zufang/NN2053047796793081856.html
整租·万科第五园 5室2厅 南/北,2700,兴宁区-兴宁东-万科第五园,5室2厅3卫,179.00,N/A,https://nn.zu.ke.com/zufang/NN2024788326900301824.html
整租·和润园 5室2厅 南,7000,青秀区-东盟商务区-和润园,5室2厅2卫,167.00,南,https://nn.zu.ke.com/zufang/NN2024792895550128128.html
整租·中南紫云集（北区） 3室1厅 南,1600,良庆区-玉洞-中南紫云集（北区）,3室1厅2卫,98.00,南,https://nn.zu.ke.com/zufang/NN2024805207828856832.html
整租·龙光世纪中心 3室1厅 南,8300,青秀区-东盟商务区-龙光世纪中心,3室1厅1卫,134.00,南,https://nn.zu.ke.com/zufang/NN2024792440543641600.html
整租·怡景苑 2室2厅 南,1000,青秀区-仙葫-怡景苑,2室2厅1卫,65.00,南,https://nn.zu.ke.com/zufang/NN2025091505575690240.html
整租·秀山花园 3室2厅 东,2800,青秀区-东盟商务区-秀山花园,3室2厅2卫,131.00,东,https://nn.zu.ke.com/zufang/NN2025116896960970752.html
整租·天池山小区 3室2厅 南,1200,青秀区-仙葫-天池山小区,3室2厅2卫,138.00,南,https://nn.zu.ke.com/zufang/NN2025131992844075008.html
整租·联盟新城 6室2厅 北,6000,青秀区-东盟商务区-联盟新城,6室2厅2卫,165.00,北,https://nn.zu.ke.com/zufang/NN2025155820466995200.html
整租·莱茵湖畔 1室1厅 南,8500,青秀区-琅东-莱茵湖畔,1室1厅0卫,60.00,南,https://nn.zu.ke.com/zufang/NN2025413895891451904.html
整租·阳光城半山湾 5室2厅 南,3000,青秀区-仙葫-阳光城半山湾,5室2厅2卫,130.00,南,https://nn.zu.ke.com/zufang/NN2025412936738013184.html
整租·云创谷 1室1厅 北,1600,良庆区-五象湖-云创谷,1室1厅1卫,35.00,北,https://nn.zu.ke.com/zufang/NN2025178246542262272.html
整租·阳光城光明湖畔苑 3室2厅 东南/南,1800,良庆区-五象湖-阳光城光明湖畔苑,3室2厅2卫,100.00,N/A,https://nn.zu.ke.com/zufang/NN2025430123590713344.html
整租·联盟新城 4室2厅 南/北,7500,青秀区-东盟商务区-联盟新城,4室2厅2卫,180.00,N/A,https://nn.zu.ke.com/zufang/NN2025463516588146688.html
整租·嘉州华都 3室2厅 南,1800,西乡塘区-西大-嘉州华都,3室2厅2卫,126.00,南,https://nn.zu.ke.com/zufang/NN2025424305893933056.html
整租·彰泰城B区 1室1厅 南,1500,良庆区-五象核心区-彰泰城B区,1室1厅1卫,40.00,南,https://nn.zu.ke.com/zufang/NN2025485829488508928.html
整租·万科城 1室1厅 南,1600,青秀区-凤岭北-万科城,1室1厅1卫,26.00,南,https://nn.zu.ke.com/zufang/NN2025501803772116992.html
整租·云星时代广场 1室1厅 北,1200,良庆区-五象核心区-云星时代广场,1室1厅1卫,40.00,北,https://nn.zu.ke.com/zufang/NN2025156180166311936.html
整租·云创谷 2室2厅 西,4500,良庆区-五象湖-云创谷,2室2厅2卫,104.00,西,https://nn.zu.ke.com/zufang/NN2025406753033682944.html
整租·天誉城 1室1厅 复式 南,1400,良庆区-五象文旅-天誉城,1室1厅1卫,30.00,南,https://nn.zu.ke.com/zufang/NN2025215651156590592.html
